{
    "best_model": "RandomForest",
    "auc_roc": 0.964449,
    "avg_precision": 0.967715,
    "f1": 0.933413,
    "precision": 0.891204,
    "recall": 0.979818,
    "mcc": 0.840901,
    "optimal_threshold": 0.01,
    "attacks_caught": 12574,
    "attacks_missed": 259,
    "false_alarms": 1535,
    "business_value": 602032500,
    "n_test": 22544,
    "n_test_attacks": 12833,
    "feature_count": 58
}